{
  "system": "H4 chain",
  "bond_length_angstrom": 0.75,
  "basis_set": "sto-3g",
  "n_runs": 20,
  "k_estimators": 20,
  "n_jobs": 12,
  "use_qualcs": true,
  "E_hf_hartree": -2.103290822999873,
  "E_fci_hartree": -2.1451106471862236,
  "E_corr_hartree": -0.04181982418635055
}