{
  "system": "H4 chain",
  "bond_length_angstrom": 0.5,
  "basis_set": "sto-3g",
  "n_runs": 20,
  "k_estimators": 20,
  "n_jobs": 4,
  "use_qualcs": true,
  "E_hf_hartree": -1.6286097030299,
  "E_fci_hartree": -1.6531169519401132,
  "E_corr_hartree": -0.024507248910213164
}