{
  "system": "H4 chain",
  "bond_length_angstrom": 1.0,
  "basis_set": "sto-3g",
  "n_runs": 25,
  "k_estimators": 20,
  "n_jobs": 8,
  "use_qualcs": true,
  "E_hf_hartree": -2.0985459369977173,
  "E_fci_hartree": -2.1663874486347607,
  "E_corr_hartree": -0.06784151163704344
}