{
  "system": "H6 chain",
  "bond_length_angstrom": 0.5,
  "basis_set": "sto-3g",
  "n_runs": 20,
  "k_estimators": 20,
  "n_jobs": 8,
  "use_qualcs": true,
  "E_hf_hartree": -2.186793419920644,
  "E_fci_hartree": -2.225106185924531,
  "E_corr_hartree": -0.03831276600388733
}